{
    "Entities": [
        {
            "Camera": {
                "Primary": true,
                "Zoom": [
                    0.0,
                    0.0,
                    0.0
                ]
            },
            "Tag": "Camera",
            "Transform": {
                "Position": [
                    0.0,
                    0.0,
                    0.0
                ],
                "Rotation": 0.0,
                "Scale": [
                    1.0,
                    1.0,
                    1.0
                ]
            },
            "Velocity": {
                "Speed": 2.0,
                "Velocity": [
                    0.0,
                    0.0
                ]
            }
        },
        {
            "Controlled": {
                "IsControlled": true
            },
            "Dragable": {
                "IsDragging": false,
                "Offset": [
                    0.0,
                    0.0
                ]
            },
            "Player": {
                "Speed": 7.0
            },
            "Sprite": {
                "Color": [
                    1.0,
                    1.0,
                    1.0,
                    1.0
                ]
            },
            "Tag": "Player",
            "Transform": {
                "Position": [
                    0.16632170975208282,
                    -1.3562462329864502,
                    0.0
                ],
                "Rotation": 0.0,
                "Scale": [
                    1.0,
                    1.0,
                    1.0
                ]
            },
            "Velocity": {
                "Speed": 2.0,
                "Velocity": [
                    -4.949747562408447,
                    -4.949747562408447
                ]
            }
        },
        {
            "Enemy": {
                "Speed": 3.5,
                "Time": 59.62091064453125
            },
            "Sprite": {
                "Color": [
                    1.0,
                    1.0,
                    1.0,
                    1.0
                ]
            },
            "Tag": "Enemy",
            "Transform": {
                "Position": [
                    4.173371315002441,
                    -1.5500972270965576,
                    0.0
                ],
                "Rotation": 0.0,
                "Scale": [
                    1.0,
                    1.0,
                    1.0
                ]
            },
            "Velocity": {
                "Speed": 2.0,
                "Velocity": [
                    -3.4959115982055664,
                    0.16912341117858887
                ]
            }
        },
        {
            "Sprite": {
                "Color": [
                    1.0,
                    1.0,
                    0.0,
                    1.0
                ]
            },
            "Tag": "Top Wall",
            "Transform": {
                "Position": [
                    -10.0,
                    9.5,
                    0.0
                ],
                "Rotation": 0.0,
                "Scale": [
                    20.0,
                    0.5,
                    0.0
                ]
            }
        },
        {
            "Sprite": {
                "Color": [
                    0.0,
                    1.0,
                    0.0,
                    1.0
                ]
            },
            "Tag": "Bottom Wall",
            "Transform": {
                "Position": [
                    -10.0,
                    -10.0,
                    0.0
                ],
                "Rotation": 0.0,
                "Scale": [
                    20.0,
                    0.5,
                    0.0
                ]
            }
        }
    ]
}